Name,Job_Title,Skills,Experience
Mia Thomas,Nurse,"Patient Assessment, Medical Terminology, Pharmaceutical Knowledge",8
Liam Smith,Software Engineer,"SQL, Cloud Computing, Docker",8
Ethan White,Graphic Designer,"Sketch, InDesign, Adobe Illustrator",8
Ava Wilson,Teacher,"Lesson Planning, Education Technology, Communication",9
Isabella Martin,Software Engineer,"Python, Kubernetes, Docker",1
Isabella Martin,Web Developer,"React, HTML, SQL",2
Charlotte Thompson,Content Writer,"Content Strategy, Blogging, Writing",3
Sophia Taylor,Electrician,"Safety Procedures, Troubleshooting, Blueprint Reading",2
Isabella Martin,Financial Analyst,"Data Analysis, Forecasting, Budgeting",8
Charlotte Thompson,Teacher,"Communication, Education Technology, Curriculum Design",8
Harper Harris,Project Manager,"Communication, Team Management, Budgeting",10
Noah Davis,Financial Analyst,"Financial Modeling, Budgeting, Accounting",5
Isabella Martin,Project Manager,"Agile, Risk Management, Budgeting",3
Harper Harris,Sales Manager,"Customer Acquisition, Sales Strategy, Negotiation",3
Lucas Anderson,Graphic Designer,"Creativity, Sketch, Figma",1
Harper Harris,Software Engineer,"Cloud Computing, C++, Python",3
Sophia Taylor,Teacher,"Communication, Lesson Planning, Classroom Management",5
Elijah Moore,HR Manager,"Communication, Organizational Development, Recruitment",3
Liam Smith,Customer Support,"CRM Software, Problem Solving, Customer Service",4
Emma Johnson,Financial Analyst,"Financial Modeling, Budgeting, SQL",9
Olivia Brown,Electrician,"Safety Procedures, Troubleshooting, Problem Solving",8
Ethan White,Financial Analyst,"Excel, Data Analysis, QuickBooks",1
Charlotte Thompson,Nurse,"Patient Assessment, Teamwork, Clinical Skills",6
Mia Thomas,Nurse,"Medical Terminology, Critical Thinking, Patient Care",1
Charlotte Thompson,Project Manager,"Project Planning, Agile, Team Management",1
Sophia Taylor,Nurse,"Critical Thinking, Patient Care, Teamwork",1
Elijah Moore,HR Manager,"Communication, Employee Relations, Recruitment",8
Sophia Taylor,Chef,"Menu Planning, Knife Skills, Food Presentation",6
Mason Lee,HR Manager,"Performance Management, Labor Laws, HR Software",10
Olivia Brown,Software Engineer,"Kubernetes, Cloud Computing, Python",4
Amelia Jackson,Content Writer,"Content Strategy, Research, SEO",1
Lucas Anderson,Marketing Manager,"SEO, PPC, Content Marketing",2
Emma Johnson,Product Manager,"Leadership, Data Analysis, Product Development",7
Ethan White,Teacher,"Student Assessment, Lesson Planning, Communication",10
Amelia Jackson,HR Manager,"HR Software, Labor Laws, Training",6
Noah Davis,Financial Analyst,"Data Analysis, Budgeting, QuickBooks",8
Noah Davis,Project Manager,"Team Management, Project Planning, Budgeting",10
Amelia Jackson,Customer Support,"Communication, Product Knowledge, Time Management",1
Mia Thomas,Project Manager,"Time Management, Communication, Team Management",4
Mia Thomas,Legal Advisor,"Contract Law, Legal Writing, Litigation",6
Elijah Moore,Software Engineer,"JavaScript, SQL, Cloud Computing",10
Lucas Anderson,Digital Marketer,"Google Analytics, Email Marketing, Content Creation",10
Lucas Anderson,Sales Manager,"Client Relationships, CRM, Customer Acquisition",3
Sophia Taylor,Marketing Manager,"Email Marketing, Social Media Marketing, Market Research",7
Lucas Anderson,Project Manager,"Agile, Time Management, Risk Management",1
Emma Johnson,Data Scientist,"TensorFlow, Pandas, Data Visualization",10
Amelia Jackson,Financial Analyst,"SQL, Financial Modeling, Power BI",10
Charlotte Thompson,Teacher,"Pedagogy, Lesson Planning, Curriculum Design",1
Isabella Martin,Marketing Manager,"Social Media Marketing, SEO, Market Research",2
Liam Smith,Data Scientist,"Machine Learning, Python, SQL",4
Isabella Martin,Digital Marketer,"Social Media Marketing, PPC, Email Marketing",9
Isabella Martin,Content Writer,"SEO, Editing, Writing",1
Noah Davis,Marketing Manager,"PPC, Content Marketing, Social Media Marketing",1
Lucas Anderson,Marketing Manager,"PPC, Social Media Marketing, Content Marketing",6
Elijah Moore,Mechanic,"Manual Tools, Engine Repair, Diagnostics",8
Amelia Jackson,Legal Advisor,"Legal Writing, Litigation, Compliance",3
Emma Johnson,Web Developer,"JavaScript, CSS, HTML",8
Isabella Martin,Data Scientist,"Deep Learning, NumPy, SQL",3
Mason Lee,Teacher,"Pedagogy, Classroom Management, Curriculum Design",6
Ava Wilson,Mechanic,"Diagnostics, Vehicle Maintenance, Manual Tools",1
Elijah Moore,Electrician,"Wiring, Problem Solving, Circuitry",4
Harper Harris,HR Manager,"Communication, Recruitment, Organizational Development",1
Noah Davis,Project Manager,"Team Management, Project Planning, Communication",1
Harper Harris,Graphic Designer,"Figma, Adobe Photoshop, Creativity",7
Ava Wilson,Content Writer,"SEO, Research, Writing",2
Ava Wilson,Nurse,"Clinical Skills, Pharmaceutical Knowledge, Medical Terminology",5
Lucas Anderson,Content Writer,"Proofreading, Content Strategy, Writing",2
Charlotte Thompson,Marketing Manager,"Social Media Marketing, Brand Management, SEO",6
Liam Smith,Digital Marketer,"Social Media Marketing, Content Creation, Google Analytics",9
Lucas Anderson,Graphic Designer,"Adobe Illustrator, Figma, Sketch",1
Charlotte Thompson,Software Engineer,"Java, SQL, Docker",1
Mason Lee,Software Engineer,"JavaScript, SQL, Python",5
Olivia Brown,Web Developer,"SQL, Git, HTML",4
Sophia Taylor,Teacher,"Student Assessment, Classroom Management, Lesson Planning",6
Elijah Moore,Financial Analyst,"Budgeting, Forecasting, Excel",10
Charlotte Thompson,Marketing Manager,"PPC, Social Media Marketing, Brand Management",6
Lucas Anderson,Data Scientist,"Deep Learning, R, NumPy",10
Charlotte Thompson,Electrician,"Safety Procedures, Blueprint Reading, Problem Solving",6
Lucas Anderson,Product Manager,"Roadmap Planning, UX/UI, Communication",3
Mason Lee,Mechanic,"Manual Tools, Safety Procedures, Diagnostics",6
Liam Smith,Customer Support,"Problem Solving, Product Knowledge, Time Management",9
Elijah Moore,Nurse,"Patient Care, Critical Thinking, Pharmaceutical Knowledge",3
Sophia Taylor,Digital Marketer,"Google Analytics, Content Creation, Email Marketing",5
Ethan White,Digital Marketer,"Brand Strategy, Google Analytics, Email Marketing",7
Ethan White,Data Scientist,"R, TensorFlow, Pandas",6
Noah Davis,Financial Analyst,"Budgeting, QuickBooks, Accounting",6
Mia Thomas,Customer Support,"Empathy, Product Knowledge, Problem Solving",10
Lucas Anderson,Chef,"Cooking, Food Safety, Creativity",8
Amelia Jackson,Financial Analyst,"QuickBooks, Budgeting, Excel",3
Mason Lee,Product Manager,"UX/UI, Communication, Leadership",8
Harper Harris,Sales Manager,"Negotiation, Team Leadership, CRM",4
Elijah Moore,Data Scientist,"Python, Machine Learning, R",10
Liam Smith,Software Engineer,"Git, Python, Cloud Computing",8
Elijah Moore,Sales Manager,"CRM, Client Relationships, Negotiation",4
Harper Harris,Sales Manager,"Negotiation, Team Leadership, Market Research",10
Sophia Taylor,Product Manager,"Market Research, Agile, Leadership",5
Noah Davis,Content Writer,"Proofreading, Creative Writing, Content Strategy",7
Elijah Moore,Project Manager,"Agile, Team Management, Budgeting",4
Mason Lee,Digital Marketer,"Content Creation, SEO, Social Media Marketing",8
Ava Wilson,Content Writer,"Writing, Proofreading, Blogging",10
Sophia Taylor,Software Engineer,"Git, JavaScript, Cloud Computing",9
Lucas Anderson,Nurse,"Teamwork, Critical Thinking, Patient Assessment",9
Sophia Taylor,Teacher,"Student Assessment, Lesson Planning, Curriculum Design",10
Noah Davis,Electrician,"Wiring, Circuitry, Troubleshooting",8
Elijah Moore,Customer Support,"CRM Software, Product Knowledge, Empathy",3
Ethan White,Legal Advisor,"Document Drafting, Litigation, Negotiation",2
Ethan White,HR Manager,"Communication, HR Software, Labor Laws",1
Emma Johnson,Chef,"Food Presentation, Cooking, Time Management",6
Charlotte Thompson,Chef,"Food Safety, Food Presentation, Time Management",4
Ava Wilson,Software Engineer,"Git, Python, JavaScript",3
Sophia Taylor,Marketing Manager,"Content Marketing, Social Media Marketing, PPC",6
Ava Wilson,Customer Support,"Problem Solving, CRM Software, Empathy",7
Liam Smith,Nurse,"Patient Assessment, Medical Terminology, Critical Thinking",7
Isabella Martin,Mechanic,"Safety Procedures, Engine Repair, Diagnostics",10
Noah Davis,Financial Analyst,"Financial Modeling, Data Analysis, Excel",4
Noah Davis,Data Scientist,"Machine Learning, NumPy, Python",9
Isabella Martin,Electrician,"Safety Procedures, Wiring, Problem Solving",3
Elijah Moore,Sales Manager,"Sales Strategy, Negotiation, CRM",5
Sophia Taylor,Data Scientist,"Python, R, Statistics",1
Mia Thomas,Digital Marketer,"SEO, Brand Strategy, PPC",7
Mason Lee,Nurse,"Patient Care, Medical Terminology, Teamwork",8
Noah Davis,Product Manager,"Agile, Market Research, Data Analysis",9
Isabella Martin,Content Writer,"Research, SEO, Blogging",5
Charlotte Thompson,Nurse,"Medical Terminology, Patient Care, Critical Thinking",1
Harper Harris,Electrician,"Circuitry, Safety Procedures, Problem Solving",8
Liam Smith,Project Manager,"Team Management, Stakeholder Management, Budgeting",1
Mason Lee,Customer Support,"Communication, Product Knowledge, Problem Solving",8
Mason Lee,Teacher,"Curriculum Design, Student Assessment, Pedagogy",5
Isabella Martin,Customer Support,"Communication, Time Management, Empathy",10
Mason Lee,Electrician,"Problem Solving, Troubleshooting, Circuitry",6
Liam Smith,Content Writer,"SEO, Blogging, Content Strategy",9
Ethan White,Web Developer,"Vue.js, Express, SQL",8
Charlotte Thompson,Legal Advisor,"Compliance, Corporate Law, Document Drafting",3
Noah Davis,Digital Marketer,"Google Analytics, Email Marketing, Google Ads",9
Olivia Brown,Web Developer,"Git, HTML, Node.js",3
Noah Davis,Sales Manager,"Team Leadership, Sales Strategy, Customer Acquisition",3
Amelia Jackson,Nurse,"Medical Terminology, Critical Thinking, Teamwork",9
Mason Lee,Mechanic,"Manual Tools, Vehicle Maintenance, Engine Repair",6
Olivia Brown,Chef,"Knife Skills, Cooking, Menu Planning",10
Harper Harris,Digital Marketer,"Email Marketing, Google Ads, Content Creation",4
Sophia Taylor,Digital Marketer,"Social Media Marketing, Content Creation, SEO",10
Ethan White,Customer Support,"Communication, Problem Solving, Empathy",1
Charlotte Thompson,Sales Manager,"CRM, Team Leadership, Negotiation",6
Ethan White,Graphic Designer,"Adobe Photoshop, Figma, Creativity",6
Ethan White,Digital Marketer,"Content Creation, Google Ads, Email Marketing",7
Olivia Brown,Teacher,"Education Technology, Curriculum Design, Classroom Management",4
Ava Wilson,Sales Manager,"Customer Acquisition, Client Relationships, CRM",4
Ava Wilson,Legal Advisor,"Corporate Law, Legal Writing, Legal Research",5
Noah Davis,Chef,"Cooking, Knife Skills, Creativity",8
Mason Lee,Nurse,"Teamwork, Medical Terminology, Critical Thinking",10
Mason Lee,Product Manager,"Data Analysis, Leadership, Product Development",9
Mia Thomas,Chef,"Food Safety, Menu Planning, Creativity",5
Liam Smith,Sales Manager,"CRM, Client Relationships, Team Leadership",4
Liam Smith,Data Scientist,"NumPy, SQL, Statistics",4
Olivia Brown,Financial Analyst,"Budgeting, Excel, QuickBooks",1
Mason Lee,Data Scientist,"Machine Learning, R, SQL",7
Isabella Martin,Mechanic,"Diagnostics, Vehicle Maintenance, Engine Repair",4
Ethan White,Digital Marketer,"Brand Strategy, Social Media Marketing, Google Ads",3
Liam Smith,Financial Analyst,"Data Analysis, QuickBooks, Forecasting",2
Mason Lee,Product Manager,"Data Analysis, Communication, UX/UI",1
Harper Harris,Digital Marketer,"Google Analytics, PPC, Brand Strategy",10
Elijah Moore,Project Manager,"Time Management, Budgeting, Team Management",4
Ethan White,Mechanic,"Safety Procedures, Vehicle Maintenance, Manual Tools",10
Olivia Brown,Customer Support,"Customer Service, Time Management, CRM Software",5
Sophia Taylor,Electrician,"Troubleshooting, Blueprint Reading, Safety Procedures",9
Ethan White,Customer Support,"Product Knowledge, Communication, CRM Software",8
Ethan White,Product Manager,"Roadmap Planning, Product Development, Data Analysis",8
Lucas Anderson,Customer Support,"CRM Software, Problem Solving, Product Knowledge",6
Charlotte Thompson,Product Manager,"Market Research, Communication, UX/UI",10
Amelia Jackson,Teacher,"Lesson Planning, Curriculum Design, Communication",3
Noah Davis,Financial Analyst,"Accounting, Budgeting, Forecasting",3
Sophia Taylor,Content Writer,"Creative Writing, SEO, Blogging",5
Olivia Brown,Sales Manager,"Market Research, Customer Acquisition, Sales Strategy",1
Mason Lee,Data Scientist,"Deep Learning, Statistics, Machine Learning",7
Isabella Martin,Digital Marketer,"Email Marketing, Content Creation, SEO",9
Olivia Brown,Chef,"Teamwork, Creativity, Food Safety",8
Mason Lee,Web Developer,"React, Express, Vue.js",8
Olivia Brown,Data Scientist,"R, TensorFlow, Pandas",5
Mason Lee,Software Engineer,"Java, Git, Agile",1
Ethan White,Project Manager,"Agile, Budgeting, Project Planning",6
Olivia Brown,Mechanic,"Safety Procedures, Diagnostics, Engine Repair",3
Harper Harris,Legal Advisor,"Negotiation, Legal Writing, Litigation",8
Lucas Anderson,Legal Advisor,"Document Drafting, Compliance, Legal Research",8
Ethan White,Marketing Manager,"SEO, Marketing Strategy, Market Research",3
Sophia Taylor,Nurse,"Medical Terminology, Patient Care, Pharmaceutical Knowledge",1
Mason Lee,Marketing Manager,"Brand Management, Content Marketing, SEO",5
Ava Wilson,Digital Marketer,"Google Ads, Content Creation, Brand Strategy",3
Ava Wilson,Sales Manager,"Customer Acquisition, Client Relationships, CRM",4
Noah Davis,Software Engineer,"Python, Cloud Computing, SQL",7
Emma Johnson,HR Manager,"Performance Management, Employee Relations, Labor Laws",9
Liam Smith,Marketing Manager,"Social Media Marketing, PPC, Email Marketing",3
Charlotte Thompson,Software Engineer,"SQL, C++, Cloud Computing",9
Olivia Brown,Project Manager,"Communication, Stakeholder Management, Budgeting",6
Ethan White,Teacher,"Pedagogy, Classroom Management, Communication",5
Noah Davis,Content Writer,"SEO, Proofreading, Content Strategy",6
Olivia Brown,Electrician,"Problem Solving, Wiring, Circuitry",7
Harper Harris,Project Manager,"Communication, Time Management, Budgeting",8
Lucas Anderson,Chef,"Menu Planning, Food Presentation, Time Management",9
Ava Wilson,Customer Support,"CRM Software, Communication, Empathy",6
Harper Harris,Software Engineer,"Agile, Cloud Computing, JavaScript",8
Lucas Anderson,Nurse,"Patient Assessment, Critical Thinking, Teamwork",1
Liam Smith,Customer Support,"Time Management, Product Knowledge, Problem Solving",8
Mia Thomas,Digital Marketer,"PPC, Google Ads, Google Analytics",9
Mia Thomas,Data Scientist,"Data Visualization, NumPy, Deep Learning",8
Noah Davis,Data Scientist,"Python, SQL, Deep Learning",3
Noah Davis,Mechanic,"Manual Tools, Engine Repair, Vehicle Maintenance",9
Olivia Brown,Web Developer,"Vue.js, React, REST APIs",1
Mia Thomas,Web Developer,"Vue.js, Node.js, SQL",5
Harper Harris,Chef,"Food Safety, Cooking, Knife Skills",4
Harper Harris,Digital Marketer,"PPC, Google Analytics, Social Media Marketing",10
Amelia Jackson,Software Engineer,"Kubernetes, Java, Docker",5
Emma Johnson,Legal Advisor,"Contract Law, Legal Writing, Negotiation",10
Liam Smith,Product Manager,"Data Analysis, Agile, Communication",2
Elijah Moore,Digital Marketer,"Email Marketing, PPC, Brand Strategy",2
Ethan White,Nurse,"Medical Terminology, Patient Care, Patient Assessment",9
Mia Thomas,Teacher,"Student Assessment, Communication, Curriculum Design",5
Mason Lee,Graphic Designer,"UI/UX Design, Creativity, Color Theory",5
Noah Davis,Teacher,"Pedagogy, Lesson Planning, Education Technology",6
Sophia Taylor,HR Manager,"Performance Management, Employee Relations, Recruitment",5
Elijah Moore,Content Writer,"Creative Writing, Writing, Editing",4
Sophia Taylor,Graphic Designer,"Adobe Photoshop, InDesign, Sketch",8
Olivia Brown,Chef,"Time Management, Food Presentation, Teamwork",8
Sophia Taylor,Legal Advisor,"Contract Law, Legal Research, Document Drafting",8
Lucas Anderson,Digital Marketer,"Social Media Marketing, Brand Strategy, PPC",5
Olivia Brown,Financial Analyst,"Budgeting, QuickBooks, Accounting",1
Ava Wilson,Nurse,"Medical Terminology, Patient Care, Critical Thinking",7
Emma Johnson,Financial Analyst,"Excel, Forecasting, Financial Modeling",3
Lucas Anderson,HR Manager,"Employee Relations, HR Software, Performance Management",7
Olivia Brown,Digital Marketer,"Email Marketing, SEO, PPC",4
Mason Lee,Electrician,"Safety Procedures, Blueprint Reading, Circuitry",4
Harper Harris,Content Writer,"Content Strategy, Research, Editing",9
Emma Johnson,Web Developer,"Vue.js, Git, CSS",4
Liam Smith,Legal Advisor,"Contract Law, Compliance, Legal Writing",3
Amelia Jackson,Content Writer,"Creative Writing, Research, Content Strategy",6
Harper Harris,Data Scientist,"SQL, NumPy, Machine Learning",9
Ethan White,Mechanic,"Diagnostics, Blueprint Reading, Vehicle Maintenance",3
Charlotte Thompson,Electrician,"Circuitry, Safety Procedures, Wiring",4
Mason Lee,Teacher,"Communication, Education Technology, Classroom Management",3
Liam Smith,Product Manager,"Data Analysis, UX/UI, Roadmap Planning",4
Isabella Martin,Software Engineer,"Agile, Kubernetes, Cloud Computing",5
Sophia Taylor,Nurse,"Patient Care, Pharmaceutical Knowledge, Medical Terminology",4
Noah Davis,Software Engineer,"Git, SQL, C++",6
Ava Wilson,Financial Analyst,"QuickBooks, Budgeting, Accounting",7
Noah Davis,Software Engineer,"SQL, Docker, Python",7
Olivia Brown,HR Manager,"Performance Management, Communication, Training",6
Ava Wilson,Nurse,"Patient Care, Critical Thinking, Pharmaceutical Knowledge",9
Elijah Moore,Mechanic,"Vehicle Maintenance, Problem Solving, Manual Tools",10
Lucas Anderson,Chef,"Food Presentation, Food Safety, Creativity",1
Isabella Martin,Project Manager,"Stakeholder Management, Project Planning, Agile",4
Amelia Jackson,Web Developer,"Node.js, HTML, React",4
Harper Harris,Mechanic,"Diagnostics, Safety Procedures, Blueprint Reading",1
Mason Lee,Financial Analyst,"Forecasting, Data Analysis, Financial Modeling",10
Ava Wilson,Project Manager,"Time Management, Agile, Team Management",4
Isabella Martin,HR Manager,"Employee Relations, Organizational Development, Labor Laws",4
Ava Wilson,Chef,"Food Safety, Teamwork, Food Presentation",7
Mia Thomas,Financial Analyst,"QuickBooks, Financial Modeling, Excel",10
Ava Wilson,Electrician,"Blueprint Reading, Wiring, Troubleshooting",3
Emma Johnson,Customer Support,"Problem Solving, Customer Service, Communication",3
Harper Harris,Electrician,"Circuitry, Wiring, Problem Solving",5
Isabella Martin,Chef,"Cooking, Knife Skills, Food Presentation",8
Liam Smith,Nurse,"Patient Care, Teamwork, Pharmaceutical Knowledge",3
Charlotte Thompson,Teacher,"Classroom Management, Education Technology, Curriculum Design",7
Elijah Moore,Marketing Manager,"SEO, Brand Management, Marketing Strategy",5
Olivia Brown,Legal Advisor,"Negotiation, Litigation, Legal Research",5
Mason Lee,Teacher,"Curriculum Design, Student Assessment, Pedagogy",7
Noah Davis,Chef,"Food Presentation, Cooking, Creativity",1
Ethan White,Digital Marketer,"PPC, Brand Strategy, Google Ads",4
Noah Davis,Chef,"Menu Planning, Food Presentation, Time Management",6
Ava Wilson,Software Engineer,"Python, C++, Docker",10
Charlotte Thompson,Legal Advisor,"Negotiation, Legal Writing, Corporate Law",9
Isabella Martin,Project Manager,"Project Planning, Stakeholder Management, Communication",2
Harper Harris,Digital Marketer,"SEO, PPC, Google Ads",10
Mia Thomas,Marketing Manager,"Marketing Strategy, Email Marketing, PPC",4
Liam Smith,Nurse,"Pharmaceutical Knowledge, Clinical Skills, Teamwork",7
Mason Lee,Content Writer,"Writing, Content Strategy, Blogging",10
Liam Smith,HR Manager,"Performance Management, Training, Communication",4
Ethan White,Digital Marketer,"Google Analytics, SEO, Email Marketing",4
Liam Smith,Project Manager,"Project Planning, Risk Management, Communication",8
Amelia Jackson,Data Scientist,"R, SQL, Pandas",8
Emma Johnson,Sales Manager,"Negotiation, Customer Acquisition, CRM",3
Isabella Martin,Content Writer,"Creative Writing, Proofreading, Writing",4
Olivia Brown,Data Scientist,"TensorFlow, Data Visualization, NumPy",10
Liam Smith,Marketing Manager,"Social Media Marketing, Marketing Strategy, Content Marketing",6
Isabella Martin,Product Manager,"Data Analysis, Market Research, Agile",5
Olivia Brown,HR Manager,"Training, Labor Laws, Performance Management",6
Liam Smith,Marketing Manager,"Content Marketing, PPC, Market Research",3
Ethan White,Marketing Manager,"Social Media Marketing, PPC, SEO",9
Sophia Taylor,Web Developer,"Node.js, React, REST APIs",4
Noah Davis,Data Scientist,"Deep Learning, Statistics, SQL",3
Harper Harris,Content Writer,"Writing, SEO, Creative Writing",7
Ethan White,Legal Advisor,"Legal Research, Contract Law, Compliance",7
Ava Wilson,HR Manager,"Performance Management, Recruitment, Training",8
Olivia Brown,HR Manager,"Labor Laws, Performance Management, Organizational Development",4
Mason Lee,Mechanic,"Vehicle Maintenance, Diagnostics, Problem Solving",4
Noah Davis,Chef,"Menu Planning, Teamwork, Food Presentation",8
Olivia Brown,Financial Analyst,"Accounting, Budgeting, Data Analysis",7
Mia Thomas,Web Developer,"React, Node.js, JavaScript",1
Elijah Moore,Project Manager,"Stakeholder Management, Team Management, Project Planning",5
Noah Davis,HR Manager,"Labor Laws, Employee Relations, Recruitment",9
Amelia Jackson,Electrician,"Troubleshooting, Wiring, Electrical Codes",2
Ava Wilson,Web Developer,"JavaScript, Vue.js, Express",6
Sophia Taylor,Financial Analyst,"Budgeting, Financial Modeling, Power BI",6
Olivia Brown,Graphic Designer,"InDesign, Figma, Adobe Illustrator",8
Ava Wilson,Graphic Designer,"Sketch, InDesign, Figma",10
Mason Lee,Legal Advisor,"Document Drafting, Litigation, Compliance",2
Isabella Martin,Sales Manager,"Market Research, Customer Acquisition, Client Relationships",9
Noah Davis,Financial Analyst,"Data Analysis, Power BI, Forecasting",5
Mia Thomas,Sales Manager,"CRM, Negotiation, Team Leadership",9
Harper Harris,HR Manager,"Employee Relations, Performance Management, Organizational Development",8
Olivia Brown,Graphic Designer,"Creativity, Color Theory, InDesign",1
Charlotte Thompson,HR Manager,"Performance Management, Training, Communication",6
Liam Smith,Project Manager,"Team Management, Project Planning, Risk Management",10
Olivia Brown,Chef,"Time Management, Teamwork, Knife Skills",9
Amelia Jackson,Teacher,"Classroom Management, Student Assessment, Communication",2
Sophia Taylor,Sales Manager,"Team Leadership, Market Research, Sales Strategy",7
Sophia Taylor,Graphic Designer,"Creativity, Color Theory, Sketch",4
Noah Davis,Data Scientist,"Pandas, TensorFlow, Statistics",2
Ethan White,Marketing Manager,"PPC, Content Marketing, Market Research",6
Mason Lee,Project Manager,"Communication, Team Management, Time Management",6
Ava Wilson,Product Manager,"Communication, UX/UI, Market Research",7
Emma Johnson,Chef,"Creativity, Menu Planning, Time Management",10
Amelia Jackson,Legal Advisor,"Contract Law, Corporate Law, Negotiation",10
Mia Thomas,Sales Manager,"Negotiation, Team Leadership, Client Relationships",10
Amelia Jackson,Content Writer,"Creative Writing, Blogging, Editing",3
Mia Thomas,Product Manager,"Agile, Data Analysis, Communication",9
Lucas Anderson,Digital Marketer,"Google Analytics, Social Media Marketing, Content Creation",5
Mia Thomas,Graphic Designer,"Color Theory, InDesign, UI/UX Design",10
Sophia Taylor,Mechanic,"Blueprint Reading, Problem Solving, Diagnostics",2
Ava Wilson,Marketing Manager,"Brand Management, Market Research, Marketing Strategy",8
Noah Davis,Chef,"Food Safety, Food Presentation, Creativity",3
Liam Smith,Software Engineer,"Docker, Kubernetes, Cloud Computing",10
Isabella Martin,Product Manager,"Communication, Leadership, Market Research",3
Ava Wilson,Web Developer,"Vue.js, React, Node.js",3
Emma Johnson,Data Scientist,"Deep Learning, Machine Learning, Data Visualization",9
Amelia Jackson,Web Developer,"Express, React, CSS",8
Amelia Jackson,Mechanic,"Blueprint Reading, Engine Repair, Problem Solving",9
Charlotte Thompson,Mechanic,"Blueprint Reading, Engine Repair, Vehicle Maintenance",9
Sophia Taylor,Chef,"Knife Skills, Food Presentation, Food Safety",1
Harper Harris,Web Developer,"Git, Express, JavaScript",9
Sophia Taylor,Sales Manager,"Team Leadership, Customer Acquisition, Market Research",4
Emma Johnson,Web Developer,"REST APIs, Express, JavaScript",4
Charlotte Thompson,Nurse,"Teamwork, Critical Thinking, Patient Care",10
Ava Wilson,Marketing Manager,"Email Marketing, PPC, Marketing Strategy",4
Mia Thomas,HR Manager,"Performance Management, HR Software, Labor Laws",1
Mia Thomas,Data Scientist,"NumPy, Deep Learning, Statistics",10
Noah Davis,Marketing Manager,"Email Marketing, PPC, Market Research",10
Harper Harris,Financial Analyst,"Budgeting, QuickBooks, Financial Modeling",10
Ava Wilson,Customer Support,"Customer Service, Time Management, CRM Software",4
Noah Davis,Digital Marketer,"PPC, Email Marketing, Content Creation",3
Lucas Anderson,HR Manager,"Training, Labor Laws, Recruitment",7
Ava Wilson,Mechanic,"Diagnostics, Vehicle Maintenance, Blueprint Reading",5
Isabella Martin,Digital Marketer,"Email Marketing, Google Ads, Brand Strategy",9
Noah Davis,Legal Advisor,"Legal Writing, Document Drafting, Contract Law",7
Emma Johnson,Financial Analyst,"Forecasting, Financial Modeling, Data Analysis",10
Lucas Anderson,Software Engineer,"SQL, C++, Java",10
Elijah Moore,Project Manager,"Team Management, Risk Management, Communication",8
Harper Harris,Sales Manager,"Sales Strategy, CRM, Customer Acquisition",3
Noah Davis,Content Writer,"Research, Content Strategy, Proofreading",7
Sophia Taylor,Sales Manager,"Customer Acquisition, CRM, Sales Strategy",6
Ava Wilson,HR Manager,"Communication, Training, Employee Relations",5
Amelia Jackson,Content Writer,"Writing, Research, Creative Writing",5
Emma Johnson,Content Writer,"Research, SEO, Blogging",2
Isabella Martin,Legal Advisor,"Litigation, Legal Writing, Corporate Law",1
Noah Davis,Data Scientist,"TensorFlow, Python, Data Visualization",5
Harper Harris,Chef,"Teamwork, Food Presentation, Time Management",2
Harper Harris,Software Engineer,"Python, C++, SQL",6
Harper Harris,Financial Analyst,"SQL, Financial Modeling, Excel",2
Emma Johnson,Teacher,"Communication, Education Technology, Lesson Planning",1
Liam Smith,HR Manager,"Employee Relations, Training, Organizational Development",8
Elijah Moore,Teacher,"Pedagogy, Communication, Student Assessment",9
Sophia Taylor,Chef,"Cooking, Knife Skills, Time Management",4
Harper Harris,Digital Marketer,"Email Marketing, SEO, Brand Strategy",9
Charlotte Thompson,Teacher,"Curriculum Design, Student Assessment, Education Technology",2
Sophia Taylor,Data Scientist,"TensorFlow, Machine Learning, Python",4
Noah Davis,Mechanic,"Engine Repair, Blueprint Reading, Safety Procedures",7
Lucas Anderson,Sales Manager,"Team Leadership, Client Relationships, Customer Acquisition",8
Elijah Moore,Financial Analyst,"Accounting, Forecasting, Data Analysis",7
Ava Wilson,Sales Manager,"Sales Strategy, CRM, Team Leadership",2
Ava Wilson,Product Manager,"Market Research, Product Development, Communication",4
Mason Lee,Financial Analyst,"Forecasting, Budgeting, Financial Modeling",1
Liam Smith,Data Scientist,"SQL, Python, Machine Learning",3
Charlotte Thompson,Graphic Designer,"Creativity, Adobe Illustrator, Figma",8
Harper Harris,Content Writer,"Proofreading, Blogging, SEO",1
Olivia Brown,HR Manager,"Employee Relations, Performance Management, Training",7
Lucas Anderson,Data Scientist,"Statistics, Python, SQL",4
Liam Smith,HR Manager,"Communication, Recruitment, HR Software",1
Elijah Moore,Nurse,"Teamwork, Critical Thinking, Medical Terminology",7
Ava Wilson,Software Engineer,"Docker, Git, JavaScript",7
Olivia Brown,Marketing Manager,"PPC, SEO, Brand Management",4
Isabella Martin,Mechanic,"Manual Tools, Blueprint Reading, Engine Repair",10
Ethan White,Graphic Designer,"Figma, Sketch, UI/UX Design",7
Charlotte Thompson,Graphic Designer,"UI/UX Design, Creativity, Adobe Photoshop",1
Harper Harris,Sales Manager,"Team Leadership, Market Research, CRM",9
Ava Wilson,Product Manager,"Leadership, Data Analysis, Agile",9
Noah Davis,Product Manager,"Data Analysis, Communication, Agile",6
Amelia Jackson,Financial Analyst,"QuickBooks, Power BI, SQL",1
Liam Smith,Sales Manager,"Customer Acquisition, Negotiation, Market Research",8
Lucas Anderson,Legal Advisor,"Corporate Law, Legal Research, Compliance",10
Harper Harris,Data Scientist,"R, Machine Learning, NumPy",5
Elijah Moore,Software Engineer,"Git, Kubernetes, C++",9
Liam Smith,Graphic Designer,"Adobe Photoshop, Figma, Adobe Illustrator",5
Liam Smith,Data Scientist,"R, SQL, NumPy",10
Charlotte Thompson,Digital Marketer,"SEO, Social Media Marketing, Google Analytics",9
Mason Lee,Sales Manager,"Negotiation, Team Leadership, Client Relationships",1
Amelia Jackson,HR Manager,"Organizational Development, HR Software, Training",3
Lucas Anderson,Content Writer,"Content Strategy, Writing, Proofreading",10
Sophia Taylor,Sales Manager,"Market Research, Team Leadership, Negotiation",2
Liam Smith,Data Scientist,"Statistics, NumPy, SQL",9
Sophia Taylor,Web Developer,"JavaScript, SQL, HTML",8
Mason Lee,Customer Support,"CRM Software, Problem Solving, Time Management",2
Amelia Jackson,Mechanic,"Problem Solving, Safety Procedures, Engine Repair",2
Emma Johnson,Teacher,"Lesson Planning, Education Technology, Classroom Management",6
Elijah Moore,Financial Analyst,"Budgeting, Forecasting, Financial Modeling",4
Elijah Moore,Mechanic,"Engine Repair, Diagnostics, Blueprint Reading",10
Olivia Brown,Product Manager,"Agile, UX/UI, Roadmap Planning",3
Harper Harris,Nurse,"Clinical Skills, Critical Thinking, Medical Terminology",5
Lucas Anderson,Teacher,"Curriculum Design, Student Assessment, Pedagogy",10
Ethan White,Web Developer,"Node.js, SQL, React",3
Liam Smith,Web Developer,"REST APIs, HTML, SQL",2
Mason Lee,Chef,"Knife Skills, Teamwork, Menu Planning",7
Harper Harris,Web Developer,"SQL, React, REST APIs",6
Harper Harris,Electrician,"Troubleshooting, Wiring, Problem Solving",2
Ava Wilson,Product Manager,"Leadership, Market Research, Agile",4
Sophia Taylor,HR Manager,"Training, HR Software, Labor Laws",4
Lucas Anderson,Software Engineer,"Java, Cloud Computing, Agile",4
Ava Wilson,Project Manager,"Risk Management, Project Planning, Budgeting",7
Mia Thomas,Mechanic,"Engine Repair, Vehicle Maintenance, Safety Procedures",1
Noah Davis,Digital Marketer,"PPC, Google Ads, Brand Strategy",9
Ava Wilson,Legal Advisor,"Compliance, Corporate Law, Negotiation",3
Isabella Martin,Nurse,"Patient Assessment, Critical Thinking, Medical Terminology",5
Noah Davis,Sales Manager,"Client Relationships, Team Leadership, Sales Strategy",3
Amelia Jackson,Project Manager,"Risk Management, Stakeholder Management, Project Planning",7
Isabella Martin,Graphic Designer,"Adobe Photoshop, Figma, UI/UX Design",10
Sophia Taylor,Mechanic,"Manual Tools, Diagnostics, Safety Procedures",10
Noah Davis,Data Scientist,"Machine Learning, Statistics, SQL",8
Mia Thomas,Content Writer,"SEO, Blogging, Writing",10
Mia Thomas,Legal Advisor,"Contract Law, Corporate Law, Negotiation",7
Charlotte Thompson,Digital Marketer,"Email Marketing, Brand Strategy, Google Ads",7
Ava Wilson,Financial Analyst,"Power BI, QuickBooks, SQL",6
Emma Johnson,Marketing Manager,"Marketing Strategy, Email Marketing, Brand Management",6
Charlotte Thompson,Chef,"Cooking, Teamwork, Food Safety",9
Isabella Martin,Project Manager,"Time Management, Communication, Team Management",3
Elijah Moore,Legal Advisor,"Document Drafting, Legal Research, Legal Writing",4
Ethan White,Sales Manager,"Customer Acquisition, CRM, Market Research",6
Mason Lee,Content Writer,"Editing, Content Strategy, Creative Writing",7
Isabella Martin,Software Engineer,"Agile, Kubernetes, JavaScript",8
Harper Harris,Software Engineer,"Cloud Computing, Java, SQL",6
Harper Harris,Content Writer,"Research, Editing, SEO",7
Amelia Jackson,Chef,"Food Presentation, Cooking, Creativity",7
Charlotte Thompson,Digital Marketer,"Content Creation, Email Marketing, Social Media Marketing",1
Elijah Moore,Project Manager,"Stakeholder Management, Time Management, Communication",4
Amelia Jackson,Sales Manager,"Client Relationships, Negotiation, Sales Strategy",9
Lucas Anderson,Financial Analyst,"Data Analysis, Budgeting, QuickBooks",2
Harper Harris,Web Developer,"React, Git, REST APIs",1
Ethan White,Project Manager,"Budgeting, Agile, Stakeholder Management",7
Noah Davis,Software Engineer,"Agile, Python, Cloud Computing",7
Mia Thomas,HR Manager,"Labor Laws, Training, Communication",6
Lucas Anderson,Teacher,"Student Assessment, Communication, Lesson Planning",8
Noah Davis,Software Engineer,"JavaScript, Kubernetes, SQL",4
Sophia Taylor,Product Manager,"Agile, Market Research, Communication",2
Charlotte Thompson,Digital Marketer,"PPC, Social Media Marketing, Google Ads",8
Lucas Anderson,Project Manager,"Stakeholder Management, Risk Management, Time Management",3
Lucas Anderson,Data Scientist,"NumPy, Statistics, R",6
Ethan White,Project Manager,"Team Management, Risk Management, Agile",5
Isabella Martin,Software Engineer,"Docker, Kubernetes, Agile",5
Amelia Jackson,Customer Support,"Time Management, Empathy, Communication",2
Olivia Brown,Graphic Designer,"Figma, Adobe Illustrator, Sketch",6
Emma Johnson,Nurse,"Patient Care, Pharmaceutical Knowledge, Critical Thinking",8
Ethan White,Graphic Designer,"Adobe Photoshop, Color Theory, Creativity",7
Mia Thomas,Electrician,"Wiring, Circuitry, Problem Solving",10
Amelia Jackson,Graphic Designer,"Color Theory, Sketch, Adobe Photoshop",8
Harper Harris,Customer Support,"Problem Solving, Communication, Time Management",5
Elijah Moore,Data Scientist,"NumPy, Data Visualization, Deep Learning",4
Ethan White,Software Engineer,"Kubernetes, Cloud Computing, Docker",7
Charlotte Thompson,Customer Support,"CRM Software, Customer Service, Problem Solving",1
Isabella Martin,Legal Advisor,"Compliance, Legal Research, Litigation",3
Liam Smith,Customer Support,"Customer Service, Problem Solving, Communication",1
Lucas Anderson,Project Manager,"Risk Management, Agile, Time Management",10
Sophia Taylor,Digital Marketer,"SEO, Content Creation, Google Analytics",4
Liam Smith,HR Manager,"Communication, Training, HR Software",2
Isabella Martin,Electrician,"Blueprint Reading, Electrical Codes, Wiring",6
Sophia Taylor,Software Engineer,"Python, Cloud Computing, C++",9
Mason Lee,Chef,"Time Management, Creativity, Food Presentation",2
Elijah Moore,Mechanic,"Engine Repair, Problem Solving, Vehicle Maintenance",10
Elijah Moore,Data Scientist,"R, Deep Learning, Statistics",10
Sophia Taylor,HR Manager,"Employee Relations, Performance Management, Recruitment",1
Olivia Brown,Marketing Manager,"PPC, Email Marketing, Brand Management",4
Emma Johnson,Nurse,"Critical Thinking, Patient Care, Patient Assessment",4
Charlotte Thompson,Electrician,"Circuitry, Problem Solving, Troubleshooting",10
Elijah Moore,Teacher,"Pedagogy, Lesson Planning, Classroom Management",4
Charlotte Thompson,Electrician,"Electrical Codes, Troubleshooting, Problem Solving",10
Isabella Martin,Project Manager,"Stakeholder Management, Time Management, Risk Management",2
Amelia Jackson,Mechanic,"Engine Repair, Safety Procedures, Blueprint Reading",9
Ethan White,Legal Advisor,"Legal Writing, Corporate Law, Document Drafting",3
Ava Wilson,Electrician,"Electrical Codes, Safety Procedures, Problem Solving",6
Sophia Taylor,Product Manager,"Agile, Data Analysis, Market Research",1
Charlotte Thompson,Sales Manager,"Customer Acquisition, Team Leadership, CRM",8
Liam Smith,HR Manager,"Organizational Development, Employee Relations, Recruitment",1
Sophia Taylor,Legal Advisor,"Compliance, Legal Writing, Negotiation",4
Charlotte Thompson,Web Developer,"CSS, Vue.js, SQL",1
Emma Taylor,Graphic Designer,"Policy Analysis, Public Administration, Communication",7
Emily Green,Graphic Designer,"Sketch, InDesign, Adobe Illustrator",20
Benjamin Hall,Software Engineer,"CAD Design, Thermodynamics, Structural Analysis",10
Henry White,Journalist,"Investigative Reporting, Storytelling, Editing",19
Henry White,Electrician,"Investigative Reporting, Storytelling, Editing",11
Liam Taylor,Nurse,"Policy Analysis, Public Administration, Communication",1
Sophia Johnson,Urban Planner,"Investigative Reporting, Storytelling, Editing",6
Benjamin Hall,Electrician,"Zoning, Land Use Planning, Public Policy",15
Oliver Davis,Government Accountant,"Patient Assessment, Medical Terminology",14
James King,Police Officer,"Emergency Response, Fire Safety, Physical Fitness",15
Evelyn Adams,Pharmacist,"SQL, Cloud Computing, Docker",9
Elijah Moore,Software Engineer,"Electrical Maintenance, Troubleshooting",19
Emily Green,Electrician,"Patient Assessment, Medical Terminology",20
Evelyn Adams,Firefighter,"Python, Machine Learning, Data Visualization",15
Emma Taylor,Software Engineer,"Counseling, Case Management, Advocacy",8
Evelyn Adams,Government Accountant,"Pharmaceutical Knowledge, Customer Interaction",5
Elijah Moore,Civil Servant,"Patient Assessment, Medical Terminology",20
James King,Mechanical Engineer,"CAD Design, Thermodynamics, Structural Analysis",20
Isabella Martinez,Urban Planner,"Zoning, Land Use Planning, Public Policy",5
Emily Green,Teacher,"Curriculum Development, Classroom Management, Pedagogy",14
Harper Clark,Pharmacist,"Electrical Maintenance, Troubleshooting",5
Harper Clark,Human Resources Manager,"Python, Machine Learning, Data Visualization",15
Lucas Jones,Government Accountant,"CAD Design, Thermodynamics, Structural Analysis",12
Oliver Davis,Teacher,"CAD Design, Thermodynamics, Structural Analysis",17
Sophia Johnson,Graphic Designer,"SQL, Cloud Computing, Docker",8
Grace Young,Civil Servant,"SQL, Cloud Computing, Docker",3
Charlotte Lewis,Environmental Scientist,"Recruitment, Conflict Resolution, Organizational Development",18
Isabella Martinez,Software Engineer,"Sketch, InDesign, Adobe Illustrator",9
Alexander Scott,Nurse,"Sketch, InDesign, Adobe Illustrator",11
Lucas Jones,Police Officer,"Counseling, Case Management, Advocacy",14
Harper Clark,Mechanical Engineer,"Sketch, InDesign, Adobe Illustrator",15
Amelia Garcia,Teacher,"Climate Research, Environmental Policy, GIS Mapping",15
Lucas Jones,Data Scientist,"Climate Research, Environmental Policy, GIS Mapping",16
Ava Wilson,Social Worker,"Climate Research, Environmental Policy, GIS Mapping",12
Emily Green,Environmental Scientist,"Policy Analysis, Public Administration, Communication",5
Evelyn Adams,Urban Planner,"Law Enforcement, Public Safety, Crisis Management",8
Liam Taylor,Nurse,"Emergency Response, Fire Safety, Physical Fitness",17
Henry White,Social Worker,"Zoning, Land Use Planning, Public Policy",11
Ava Wilson,Journalist,"Investigative Reporting, Storytelling, Editing",18
Amelia Garcia,Graphic Designer,"Electrical Maintenance, Troubleshooting",3
Sophia Johnson,Electrician,"Curriculum Development, Classroom Management, Pedagogy",20
Evelyn Adams,Software Engineer,"Electrical Maintenance, Troubleshooting",1
Mia Lopez,Graphic Designer,"SQL, Cloud Computing, Docker",10
Evelyn Adams,Mechanical Engineer,"SQL, Cloud Computing, Docker",11
Sophia Johnson,Graphic Designer,"Counseling, Case Management, Advocacy",13
Alexander Scott,Government Accountant,"CAD Design, Thermodynamics, Structural Analysis",6
Oliver Davis,Environmental Scientist,"Python, Machine Learning, Data Visualization",4
Isabella Martinez,Government Accountant,"Counseling, Case Management, Advocacy",17
Oliver Davis,Nurse,"Climate Research, Environmental Policy, GIS Mapping",2
Harper Clark,Police Officer,"SQL, Cloud Computing, Docker",10
Oliver Davis,Social Worker,"SQL, Cloud Computing, Docker",11
Lucas Jones,Pharmacist,"Emergency Response, Fire Safety, Physical Fitness",9
Grace Young,Firefighter,"Electrical Maintenance, Troubleshooting",15
James King,Police Officer,"Counseling, Case Management, Advocacy",19
Henry White,Graphic Designer,"CAD Design, Thermodynamics, Structural Analysis",19
Oliver Davis,Data Scientist,"Recruitment, Conflict Resolution, Organizational Development",10
Elijah Moore,Nurse,"Patient Assessment, Medical Terminology",10
Charlotte Lewis,Urban Planner,"Curriculum Development, Classroom Management, Pedagogy",19
Grace Young,Urban Planner,"Emergency Response, Fire Safety, Physical Fitness",15
Emma Taylor,Teacher,"Curriculum Development, Classroom Management, Pedagogy",2
Ava Wilson,Nurse,"Law Enforcement, Public Safety, Crisis Management",16
Amelia Garcia,Social Worker,"Emergency Response, Fire Safety, Physical Fitness",13
Oliver Davis,Human Resources Manager,"SQL, Cloud Computing, Docker",2
Mia Lopez,Teacher,"Pharmaceutical Knowledge, Customer Interaction",17
Sophia Johnson,Mechanical Engineer,"SQL, Cloud Computing, Docker",3
Alexander Scott,Teacher,"Policy Analysis, Public Administration, Communication",3
Harper Clark,Software Engineer,"Investigative Reporting, Storytelling, Editing",9
Benjamin Hall,Environmental Scientist,"Zoning, Land Use Planning, Public Policy",2
Ava Wilson,Teacher,"Zoning, Land Use Planning, Public Policy",14
Emily Green,Electrician,"Patient Assessment, Medical Terminology",7
Mia Lopez,Government Accountant,"Recruitment, Conflict Resolution, Organizational Development",14
Emma Taylor,Electrician,"Accounting, Financial Reporting, Budget Management",3
Benjamin Hall,Government Accountant,"Recruitment, Conflict Resolution, Organizational Development",2
Elijah Moore,Human Resources Manager,"Patient Assessment, Medical Terminology",10
Isabella Martinez,Government Accountant,"Accounting, Financial Reporting, Budget Management",8
Amelia Garcia,Software Engineer,"Accounting, Financial Reporting, Budget Management",10
Grace Young,Social Worker,"Counseling, Case Management, Advocacy",14
Benjamin Hall,Software Engineer,"Policy Analysis, Public Administration, Communication",12
Alexander Scott,Journalist,"Electrical Maintenance, Troubleshooting",20
Emily Green,Journalist,"Patient Assessment, Medical Terminology",15
Oliver Davis,Pharmacist,"SQL, Cloud Computing, Docker",18
Charlotte Lewis,Civil Servant,"Emergency Response, Fire Safety, Physical Fitness",6
Alexander Scott,Social Worker,"CAD Design, Thermodynamics, Structural Analysis",7
Elijah Moore,Government Accountant,"Law Enforcement, Public Safety, Crisis Management",18
Henry White,Social Worker,"Sketch, InDesign, Adobe Illustrator",18
Harper Clark,Nurse,"Law Enforcement, Public Safety, Crisis Management",9
Lucas Jones,Firefighter,"Climate Research, Environmental Policy, GIS Mapping",5
James King,Urban Planner,"Curriculum Development, Classroom Management, Pedagogy",1
James King,Mechanical Engineer,"Electrical Maintenance, Troubleshooting",18
Liam Taylor,Mechanical Engineer,"Pharmaceutical Knowledge, Customer Interaction",8
Alexander Scott,Software Engineer,"Python, Machine Learning, Data Visualization",12
Elijah Moore,Data Scientist,"Counseling, Case Management, Advocacy",6
Charlotte Lewis,Police Officer,"Recruitment, Conflict Resolution, Organizational Development",1
Harper Clark,Nurse,"Patient Assessment, Medical Terminology",15
Amelia Garcia,Urban Planner,"CAD Design, Thermodynamics, Structural Analysis",17
Amelia Garcia,Graphic Designer,"Patient Assessment, Medical Terminology",17
Harper Clark,Data Scientist,"Emergency Response, Fire Safety, Physical Fitness",14
Harper Clark,Teacher,"Accounting, Financial Reporting, Budget Management",1
Harper Clark,Social Worker,"Sketch, InDesign, Adobe Illustrator",19
Harper Clark,Civil Servant,"Patient Assessment, Medical Terminology",9
James King,Social Worker,"CAD Design, Thermodynamics, Structural Analysis",2
Evelyn Adams,Civil Servant,"Pharmaceutical Knowledge, Customer Interaction",19
Elijah Moore,Mechanical Engineer,"Emergency Response, Fire Safety, Physical Fitness",14
Grace Young,Firefighter,"Recruitment, Conflict Resolution, Organizational Development",15
Liam Taylor,Urban Planner,"SQL, Cloud Computing, Docker",14
Noah Brown,Firefighter,"Policy Analysis, Public Administration, Communication",15
Noah Brown,Teacher,"Emergency Response, Fire Safety, Physical Fitness",12
Emily Green,Social Worker,"Python, Machine Learning, Data Visualization",8
Ava Wilson,Urban Planner,"Law Enforcement, Public Safety, Crisis Management",13
Charlotte Lewis,Civil Servant,"Accounting, Financial Reporting, Budget Management",13
Benjamin Hall,Police Officer,"Investigative Reporting, Storytelling, Editing",5
Benjamin Hall,Police Officer,"Recruitment, Conflict Resolution, Organizational Development",16
Amelia Garcia,Journalist,"Python, Machine Learning, Data Visualization",18
Lucas Jones,Journalist,"Patient Assessment, Medical Terminology",13
Charlotte Lewis,Police Officer,"Patient Assessment, Medical Terminology",14
Ava Wilson,Urban Planner,"Electrical Maintenance, Troubleshooting",18
Mia Lopez,Nurse,"Curriculum Development, Classroom Management, Pedagogy",20
Charlotte Lewis,Human Resources Manager,"Sketch, InDesign, Adobe Illustrator",7
Benjamin Hall,Police Officer,"Investigative Reporting, Storytelling, Editing",15
Benjamin Hall,Nurse,"Curriculum Development, Classroom Management, Pedagogy",15
Benjamin Hall,Firefighter,"Law Enforcement, Public Safety, Crisis Management",7
Elijah Moore,Government Accountant,"Counseling, Case Management, Advocacy",6
Oliver Davis,Electrician,"Electrical Maintenance, Troubleshooting",8
James King,Social Worker,"Investigative Reporting, Storytelling, Editing",4
Emily Green,Mechanical Engineer,"Python, Machine Learning, Data Visualization",6
Benjamin Hall,Environmental Scientist,"Patient Assessment, Medical Terminology",13
Alexander Scott,Pharmacist,"CAD Design, Thermodynamics, Structural Analysis",15
Amelia Garcia,Government Accountant,"Sketch, InDesign, Adobe Illustrator",1
Noah Brown,Environmental Scientist,"Sketch, InDesign, Adobe Illustrator",2
Charlotte Lewis,Pharmacist,"Policy Analysis, Public Administration, Communication",2
Noah Brown,Government Accountant,"CAD Design, Thermodynamics, Structural Analysis",3
Amelia Garcia,Social Worker,"CAD Design, Thermodynamics, Structural Analysis",1
Mia Lopez,Mechanical Engineer,"Electrical Maintenance, Troubleshooting",19
Harper Clark,Mechanical Engineer,"Investigative Reporting, Storytelling, Editing",17
Benjamin Hall,Human Resources Manager,"Recruitment, Conflict Resolution, Organizational Development",18
Mia Lopez,Mechanical Engineer,"Python, Machine Learning, Data Visualization",7
Benjamin Hall,Mechanical Engineer,"Patient Assessment, Medical Terminology",4
Emily Green,Data Scientist,"Accounting, Financial Reporting, Budget Management",20
Ava Wilson,Environmental Scientist,"Zoning, Land Use Planning, Public Policy",1
Emma Taylor,Government Accountant,"SQL, Cloud Computing, Docker",7
Benjamin Hall,Graphic Designer,"Climate Research, Environmental Policy, GIS Mapping",7
Evelyn Adams,Software Engineer,"Patient Assessment, Medical Terminology",3
Sophia Johnson,Social Worker,"Recruitment, Conflict Resolution, Organizational Development",7
Emily Green,Nurse,"Policy Analysis, Public Administration, Communication",13
Mia Lopez,Civil Servant,"Emergency Response, Fire Safety, Physical Fitness",19
Emma Taylor,Graphic Designer,"Policy Analysis, Public Administration, Communication",17
Emma Taylor,Nurse,"Policy Analysis, Public Administration, Communication",15
Emma Taylor,Human Resources Manager,"Sketch, InDesign, Adobe Illustrator",15
Liam Taylor,Teacher,"Curriculum Development, Classroom Management, Pedagogy",15
Oliver Davis,Mechanical Engineer,"Electrical Maintenance, Troubleshooting",4
Liam Taylor,Nurse,"Policy Analysis, Public Administration, Communication",14
Henry White,Firefighter,"Pharmaceutical Knowledge, Customer Interaction",3
Isabella Martinez,Urban Planner,"Patient Assessment, Medical Terminology",6
Henry White,Human Resources Manager,"Emergency Response, Fire Safety, Physical Fitness",20
Amelia Garcia,Mechanical Engineer,"Law Enforcement, Public Safety, Crisis Management",19
Liam Taylor,Teacher,"Curriculum Development, Classroom Management, Pedagogy",18
Benjamin Hall,Teacher,"Emergency Response, Fire Safety, Physical Fitness",3
Emily Green,Firefighter,"CAD Design, Thermodynamics, Structural Analysis",13
Benjamin Hall,Government Accountant,"Accounting, Financial Reporting, Budget Management",8
Elijah Moore,Civil Servant,"Recruitment, Conflict Resolution, Organizational Development",12
Henry White,Data Scientist,"Investigative Reporting, Storytelling, Editing",3
Ava Wilson,Software Engineer,"Sketch, InDesign, Adobe Illustrator",3
Amelia Garcia,Journalist,"Electrical Maintenance, Troubleshooting",13
Amelia Garcia,Mechanical Engineer,"Curriculum Development, Classroom Management, Pedagogy",13
Oliver Davis,Mechanical Engineer,"Curriculum Development, Classroom Management, Pedagogy",7
Lucas Jones,Firefighter,"Law Enforcement, Public Safety, Crisis Management",1
Lucas Jones,Environmental Scientist,"Emergency Response, Fire Safety, Physical Fitness",14
Lucas Jones,Social Worker,"Investigative Reporting, Storytelling, Editing",10
Lucas Jones,Civil Servant,"Counseling, Case Management, Advocacy",3
Charlotte Lewis,Electrician,"Counseling, Case Management, Advocacy",8
Harper Clark,Government Accountant,"Law Enforcement, Public Safety, Crisis Management",13
Benjamin Hall,Nurse,"Climate Research, Environmental Policy, GIS Mapping",3
Harper Clark,Nurse,"Recruitment, Conflict Resolution, Organizational Development",16
Alexander Scott,Graphic Designer,"Sketch, InDesign, Adobe Illustrator",16
Lucas Jones,Government Accountant,"CAD Design, Thermodynamics, Structural Analysis",7
Harper Clark,Social Worker,"Electrical Maintenance, Troubleshooting",6
Alexander Scott,Pharmacist,"Electrical Maintenance, Troubleshooting",6
Charlotte Lewis,Social Worker,"Climate Research, Environmental Policy, GIS Mapping",20
Henry White,Human Resources Manager,"Sketch, InDesign, Adobe Illustrator",16
Sophia Johnson,Teacher,"Sketch, InDesign, Adobe Illustrator",16
Benjamin Hall,Electrician,"SQL, Cloud Computing, Docker",12
Oliver Davis,Firefighter,"Curriculum Development, Classroom Management, Pedagogy",15
Noah Brown,Data Scientist,"Investigative Reporting, Storytelling, Editing",7
Elijah Moore,Environmental Scientist,"Investigative Reporting, Storytelling, Editing",8
Lucas Jones,Nurse,"Climate Research, Environmental Policy, GIS Mapping",20
Harper Clark,Nurse,"SQL, Cloud Computing, Docker",3
Lucas Jones,Data Scientist,"Accounting, Financial Reporting, Budget Management",11
Harper Clark,Mechanical Engineer,"Zoning, Land Use Planning, Public Policy",6
Sophia Johnson,Social Worker,"Accounting, Financial Reporting, Budget Management",7
Grace Young,Government Accountant,"CAD Design, Thermodynamics, Structural Analysis",7
Alexander Scott,Nurse,"Emergency Response, Fire Safety, Physical Fitness",10
Evelyn Adams,Social Worker,"Counseling, Case Management, Advocacy",20
Harper Clark,Journalist,"Policy Analysis, Public Administration, Communication",17
Sophia Johnson,Data Scientist,"Accounting, Financial Reporting, Budget Management",12
Emma Taylor,Police Officer,"Counseling, Case Management, Advocacy",10
Benjamin Hall,Social Worker,"SQL, Cloud Computing, Docker",12
Benjamin Hall,Journalist,"Law Enforcement, Public Safety, Crisis Management",14
Grace Young,Journalist,"Sketch, InDesign, Adobe Illustrator",11
James King,Graphic Designer,"Sketch, InDesign, Adobe Illustrator",14
Emma Taylor,Journalist,"Investigative Reporting, Storytelling, Editing",1
Henry White,Social Worker,"Curriculum Development, Classroom Management, Pedagogy",9
Ava Wilson,Electrician,"Counseling, Case Management, Advocacy",19
Benjamin Hall,Mechanical Engineer,"Policy Analysis, Public Administration, Communication",2
Amelia Garcia,Human Resources Manager,"Accounting, Financial Reporting, Budget Management",15
Liam Taylor,Human Resources Manager,"Recruitment, Conflict Resolution, Organizational Development",11
Isabella Martinez,Data Scientist,"Python, Machine Learning, Data Visualization",9
Ava Wilson,Data Scientist,"Law Enforcement, Public Safety, Crisis Management",7
Henry White,Firefighter,"CAD Design, Thermodynamics, Structural Analysis",4
Liam Taylor,Civil Servant,"Python, Machine Learning, Data Visualization",4
Isabella Martinez,Human Resources Manager,"Policy Analysis, Public Administration, Communication",13
Isabella Martinez,Data Scientist,"Law Enforcement, Public Safety, Crisis Management",6
Elijah Moore,Environmental Scientist,"Zoning, Land Use Planning, Public Policy",15
Noah Brown,Pharmacist,"Electrical Maintenance, Troubleshooting",18
Amelia Garcia,Urban Planner,"Accounting, Financial Reporting, Budget Management",8
James King,Electrician,"Accounting, Financial Reporting, Budget Management",13
Alexander Scott,Civil Servant,"Policy Analysis, Public Administration, Communication",3
Noah Brown,Social Worker,"Python, Machine Learning, Data Visualization",18
Alexander Scott,Nurse,"Electrical Maintenance, Troubleshooting",9
Benjamin Hall,Police Officer,"Curriculum Development, Classroom Management, Pedagogy",17
Liam Taylor,Teacher,"Electrical Maintenance, Troubleshooting",11
Emma Taylor,Pharmacist,"Sketch, InDesign, Adobe Illustrator",2
Benjamin Hall,Civil Servant,"Python, Machine Learning, Data Visualization",13
Noah Brown,Environmental Scientist,"Python, Machine Learning, Data Visualization",10
Emma Taylor,Software Engineer,"Python, Machine Learning, Data Visualization",5
Grace Young,Teacher,"Recruitment, Conflict Resolution, Organizational Development",10
Isabella Martinez,Graphic Designer,"Patient Assessment, Medical Terminology",1
Harper Clark,Journalist,"Zoning, Land Use Planning, Public Policy",18
Grace Young,Environmental Scientist,"Sketch, InDesign, Adobe Illustrator",17
James King,Environmental Scientist,"Accounting, Financial Reporting, Budget Management",6
James King,Graphic Designer,"Patient Assessment, Medical Terminology",6
Henry White,Data Scientist,"Electrical Maintenance, Troubleshooting",10
Evelyn Adams,Journalist,"Electrical Maintenance, Troubleshooting",10
Lucas Jones,Civil Servant,"Recruitment, Conflict Resolution, Organizational Development",12
Noah Brown,Urban Planner,"Climate Research, Environmental Policy, GIS Mapping",14
Ava Wilson,Pharmacist,"Climate Research, Environmental Policy, GIS Mapping",8
Isabella Martinez,Electrician,"Electrical Maintenance, Troubleshooting",3
Oliver Davis,Pharmacist,"SQL, Cloud Computing, Docker",12
James King,Nurse,"Zoning, Land Use Planning, Public Policy",13
Oliver Davis,Software Engineer,"Policy Analysis, Public Administration, Communication",2
Isabella Martinez,Police Officer,"Pharmaceutical Knowledge, Customer Interaction",19
Henry White,Government Accountant,"Investigative Reporting, Storytelling, Editing",18
Grace Young,Urban Planner,"Curriculum Development, Classroom Management, Pedagogy",1
Elijah Moore,Urban Planner,"SQL, Cloud Computing, Docker",16
Noah Brown,Government Accountant,"Recruitment, Conflict Resolution, Organizational Development",15
Harper Clark,Mechanical Engineer,"CAD Design, Thermodynamics, Structural Analysis",18
Isabella Martinez,Nurse,"Counseling, Case Management, Advocacy",13
Oliver Davis,Firefighter,"Policy Analysis, Public Administration, Communication",6
Emma Taylor,Data Scientist,"Pharmaceutical Knowledge, Customer Interaction",20
Elijah Moore,Urban Planner,"Python, Machine Learning, Data Visualization",5
Alexander Scott,Government Accountant,"Zoning, Land Use Planning, Public Policy",15
Grace Young,Firefighter,"Accounting, Financial Reporting, Budget Management",10
Noah Brown,Government Accountant,"Electrical Maintenance, Troubleshooting",15
Liam Taylor,Teacher,"Curriculum Development, Classroom Management, Pedagogy",19
Lucas Jones,Data Scientist,"Law Enforcement, Public Safety, Crisis Management",17
Mia Lopez,Journalist,"Investigative Reporting, Storytelling, Editing",9
Isabella Martinez,Software Engineer,"Patient Assessment, Medical Terminology",20
Oliver Davis,Government Accountant,"Python, Machine Learning, Data Visualization",7
Harper Clark,Social Worker,"Zoning, Land Use Planning, Public Policy",2
Emily Green,Urban Planner,"Python, Machine Learning, Data Visualization",1
Henry White,Environmental Scientist,"Emergency Response, Fire Safety, Physical Fitness",7
Mia Lopez,Firefighter,"Investigative Reporting, Storytelling, Editing",8
Elijah Moore,Civil Servant,"Investigative Reporting, Storytelling, Editing",17
Sophia Johnson,Data Scientist,"Emergency Response, Fire Safety, Physical Fitness",3
Harper Clark,Nurse,"Zoning, Land Use Planning, Public Policy",14
Evelyn Adams,Urban Planner,"Patient Assessment, Medical Terminology",8
Amelia Garcia,Pharmacist,"SQL, Cloud Computing, Docker",12
Amelia Garcia,Human Resources Manager,"CAD Design, Thermodynamics, Structural Analysis",5
Emily Green,Teacher,"Emergency Response, Fire Safety, Physical Fitness",14
Noah Brown,Teacher,"Sketch, InDesign, Adobe Illustrator",19
James King,Nurse,"Electrical Maintenance, Troubleshooting",8
Harper Clark,Civil Servant,"SQL, Cloud Computing, Docker",17
Oliver Davis,Software Engineer,"Policy Analysis, Public Administration, Communication",17
Ava Wilson,Pharmacist,"CAD Design, Thermodynamics, Structural Analysis",10
Mia Lopez,Urban Planner,"Investigative Reporting, Storytelling, Editing",15
Mia Lopez,Police Officer,"Investigative Reporting, Storytelling, Editing",8
Oliver Davis,Firefighter,"Python, Machine Learning, Data Visualization",15
Isabella Martinez,Government Accountant,"SQL, Cloud Computing, Docker",15
Noah Brown,Journalist,"Patient Assessment, Medical Terminology",8
Liam Taylor,Graphic Designer,"Recruitment, Conflict Resolution, Organizational Development",8
Sophia Johnson,Nurse,"Emergency Response, Fire Safety, Physical Fitness",13
Amelia Garcia,Electrician,"Emergency Response, Fire Safety, Physical Fitness",1
Evelyn Adams,Human Resources Manager,"Investigative Reporting, Storytelling, Editing",15
Harper Clark,Government Accountant,"Patient Assessment, Medical Terminology",2
Charlotte Lewis,Social Worker,"SQL, Cloud Computing, Docker",16
Amelia Garcia,Government Accountant,"SQL, Cloud Computing, Docker",9
Benjamin Hall,Civil Servant,"Climate Research, Environmental Policy, GIS Mapping",9
Oliver Davis,Data Scientist,"Python, Machine Learning, Data Visualization",7
James King,Journalist,"Zoning, Land Use Planning, Public Policy",6
Isabella Martinez,Mechanical Engineer,"Accounting, Financial Reporting, Budget Management",18
Henry White,Firefighter,"Sketch, InDesign, Adobe Illustrator",2
Henry White,Software Engineer,"SQL, Cloud Computing, Docker",12
Lucas Jones,Civil Servant,"Curriculum Development, Classroom Management, Pedagogy",5
Evelyn Adams,Pharmacist,"Curriculum Development, Classroom Management, Pedagogy",11
Emily Green,Social Worker,"Counseling, Case Management, Advocacy",11
Elijah Moore,Civil Servant,"Python, Machine Learning, Data Visualization",8
Mia Lopez,Nurse,"Electrical Maintenance, Troubleshooting",19
Isabella Martinez,Firefighter,"Python, Machine Learning, Data Visualization",9
Ava Wilson,Data Scientist,"Emergency Response, Fire Safety, Physical Fitness",4
Liam Taylor,Software Engineer,"Python, Machine Learning, Data Visualization",19
Evelyn Adams,Social Worker,"Recruitment, Conflict Resolution, Organizational Development",16
Isabella Martinez,Police Officer,"Curriculum Development, Classroom Management, Pedagogy",20
Oliver Davis,Pharmacist,"CAD Design, Thermodynamics, Structural Analysis",20
Amelia Garcia,Mechanical Engineer,"Curriculum Development, Classroom Management, Pedagogy",20
Mia Lopez,Environmental Scientist,"Climate Research, Environmental Policy, GIS Mapping",7
Sophia Johnson,Software Engineer,"Accounting, Financial Reporting, Budget Management",9
Noah Brown,Firefighter,"Climate Research, Environmental Policy, GIS Mapping",14
Benjamin Hall,Electrician,"Patient Assessment, Medical Terminology",18
Harper Clark,Software Engineer,"Law Enforcement, Public Safety, Crisis Management",20
Emily Green,Teacher,"Python, Machine Learning, Data Visualization",7
Liam Taylor,Government Accountant,"CAD Design, Thermodynamics, Structural Analysis",16
Emily Green,Police Officer,"Accounting, Financial Reporting, Budget Management",18
Lucas Jones,Civil Servant,"Investigative Reporting, Storytelling, Editing",20
Henry White,Journalist,"Climate Research, Environmental Policy, GIS Mapping",18
Emily Green,Mechanical Engineer,"Pharmaceutical Knowledge, Customer Interaction",14
Charlotte Lewis,Electrician,"Python, Machine Learning, Data Visualization",18
Ava Wilson,Mechanical Engineer,"Counseling, Case Management, Advocacy",17
James King,Mechanical Engineer,"Zoning, Land Use Planning, Public Policy",15
James King,Data Scientist,"Law Enforcement, Public Safety, Crisis Management",5
Elijah Moore,Pharmacist,"SQL, Cloud Computing, Docker",18
Harper Clark,Civil Servant,"Pharmaceutical Knowledge, Customer Interaction",18
Liam Taylor,Pharmacist,"Accounting, Financial Reporting, Budget Management",14
Harper Clark,Nurse,"Accounting, Financial Reporting, Budget Management",11
Lucas Jones,Electrician,"SQL, Cloud Computing, Docker",7
Noah Brown,Firefighter,"Electrical Maintenance, Troubleshooting",1
Evelyn Adams,Nurse,"CAD Design, Thermodynamics, Structural Analysis",19
James King,Environmental Scientist,"Curriculum Development, Classroom Management, Pedagogy",4
Sophia Johnson,Nurse,"Law Enforcement, Public Safety, Crisis Management",10
Emma Taylor,Social Worker,"Recruitment, Conflict Resolution, Organizational Development",11
Ava Wilson,Software Engineer,"Zoning, Land Use Planning, Public Policy",13
Liam Taylor,Data Scientist,"Emergency Response, Fire Safety, Physical Fitness",4
Grace Young,Human Resources Manager,"Pharmaceutical Knowledge, Customer Interaction",18
Liam Taylor,Firefighter,"Pharmaceutical Knowledge, Customer Interaction",6
Grace Young,Nurse,"Sketch, InDesign, Adobe Illustrator",3
Ava Wilson,Data Scientist,"SQL, Cloud Computing, Docker",20
James King,Urban Planner,"Recruitment, Conflict Resolution, Organizational Development",12
Noah Brown,Firefighter,"SQL, Cloud Computing, Docker",5
Henry White,Pharmacist,"Electrical Maintenance, Troubleshooting",14
Grace Young,Civil Servant,"Pharmaceutical Knowledge, Customer Interaction",20
Amelia Garcia,Environmental Scientist,"Pharmaceutical Knowledge, Customer Interaction",1
Amelia Garcia,Social Worker,"Python, Machine Learning, Data Visualization",9
Mia Lopez,Civil Servant,"Emergency Response, Fire Safety, Physical Fitness",1
Liam Taylor,Firefighter,"Policy Analysis, Public Administration, Communication",4
Harper Clark,Government Accountant,"Recruitment, Conflict Resolution, Organizational Development",15
Liam Taylor,Nurse,"Electrical Maintenance, Troubleshooting",7
Ava Wilson,Electrician,"Zoning, Land Use Planning, Public Policy",6
Evelyn Adams,Police Officer,"Policy Analysis, Public Administration, Communication",14
Harper Clark,Journalist,"Recruitment, Conflict Resolution, Organizational Development",10
Mia Lopez,Graphic Designer,"Recruitment, Conflict Resolution, Organizational Development",4
Sophia Johnson,Teacher,"Python, Machine Learning, Data Visualization",3
Harper Clark,Graphic Designer,"Curriculum Development, Classroom Management, Pedagogy",3
Harper Clark,Electrician,"Recruitment, Conflict Resolution, Organizational Development",11
Emma Taylor,Graphic Designer,"Accounting, Financial Reporting, Budget Management",16
Henry White,Mechanical Engineer,"Emergency Response, Fire Safety, Physical Fitness",15
Amelia Garcia,Software Engineer,"Policy Analysis, Public Administration, Communication",9
Sophia Johnson,Electrician,"Climate Research, Environmental Policy, GIS Mapping",5
Mia Lopez,Urban Planner,"CAD Design, Thermodynamics, Structural Analysis",12
Ava Wilson,Software Engineer,"Sketch, InDesign, Adobe Illustrator",7
Elijah Moore,Police Officer,"Patient Assessment, Medical Terminology",17
Isabella Martinez,Nurse,"Electrical Maintenance, Troubleshooting",7
Grace Young,Journalist,"Curriculum Development, Classroom Management, Pedagogy",17
Oliver Davis,Teacher,"Climate Research, Environmental Policy, GIS Mapping",13
Charlotte Lewis,Journalist,"Accounting, Financial Reporting, Budget Management",14
Ava Wilson,Data Scientist,"Recruitment, Conflict Resolution, Organizational Development",17
Noah Brown,Electrician,"Electrical Maintenance, Troubleshooting",4
Emma Taylor,Software Engineer,"Recruitment, Conflict Resolution, Organizational Development",4
Evelyn Adams,Pharmacist,"Investigative Reporting, Storytelling, Editing",6
Isabella Martinez,Civil Servant,"Counseling, Case Management, Advocacy",14
Isabella Martinez,Human Resources Manager,"Recruitment, Conflict Resolution, Organizational Development",15
Charlotte Lewis,Social Worker,"Electrical Maintenance, Troubleshooting",11
Ava Wilson,Teacher,"Climate Research, Environmental Policy, GIS Mapping",5
Emily Green,Graphic Designer,"Curriculum Development, Classroom Management, Pedagogy",7
Evelyn Adams,Graphic Designer,"Curriculum Development, Classroom Management, Pedagogy",2
Grace Young,Civil Servant,"Law Enforcement, Public Safety, Crisis Management",2
James King,Data Scientist,"Investigative Reporting, Storytelling, Editing",19
James King,Journalist,"Zoning, Land Use Planning, Public Policy",17
James King,Data Scientist,"Python, Machine Learning, Data Visualization",6
Lucas Jones,Urban Planner,"Emergency Response, Fire Safety, Physical Fitness",20
Oliver Davis,Teacher,"Counseling, Case Management, Advocacy",7
Henry White,Teacher,"Recruitment, Conflict Resolution, Organizational Development",4
Emily Green,Nurse,"Recruitment, Conflict Resolution, Organizational Development",18
Isabella Martinez,Nurse,"Python, Machine Learning, Data Visualization",5
Lucas Jones,Government Accountant,"Curriculum Development, Classroom Management, Pedagogy",7
Grace Young,Journalist,"Law Enforcement, Public Safety, Crisis Management",10
Charlotte Lewis,Social Worker,"Accounting, Financial Reporting, Budget Management",6
James King,Environmental Scientist,"Accounting, Financial Reporting, Budget Management",7
Isabella Martinez,Human Resources Manager,"Python, Machine Learning, Data Visualization",12
Amelia Garcia,Civil Servant,"Sketch, InDesign, Adobe Illustrator",16
Charlotte Lewis,Journalist,"Policy Analysis, Public Administration, Communication",2
Sophia Johnson,Graphic Designer,"Climate Research, Environmental Policy, GIS Mapping",15
Harper Clark,Electrician,"Recruitment, Conflict Resolution, Organizational Development",16
Amelia Garcia,Graphic Designer,"Counseling, Case Management, Advocacy",7
James King,Nurse,"Policy Analysis, Public Administration, Communication",6
Henry White,Government Accountant,"Climate Research, Environmental Policy, GIS Mapping",13
Sophia Johnson,Electrician,"Policy Analysis, Public Administration, Communication",6
Benjamin Hall,Police Officer,"Electrical Maintenance, Troubleshooting",8
Sophia Johnson,Government Accountant,"Pharmaceutical Knowledge, Customer Interaction",7
Amelia Garcia,Firefighter,"Law Enforcement, Public Safety, Crisis Management",9
Emma Taylor,Mechanical Engineer,"Python, Machine Learning, Data Visualization",1
Lucas Jones,Teacher,"Sketch, InDesign, Adobe Illustrator",20
Ava Wilson,Teacher,"Curriculum Development, Classroom Management, Pedagogy",15
Noah Brown,Human Resources Manager,"Electrical Maintenance, Troubleshooting",18
Emily Green,Journalist,"Climate Research, Environmental Policy, GIS Mapping",1
James King,Mechanical Engineer,"Climate Research, Environmental Policy, GIS Mapping",14
Mia Lopez,Mechanical Engineer,"Patient Assessment, Medical Terminology",6
Mia Lopez,Pharmacist,"Patient Assessment, Medical Terminology",14
Grace Young,Civil Servant,"SQL, Cloud Computing, Docker",11
Lucas Jones,Nurse,"CAD Design, Thermodynamics, Structural Analysis",11
Oliver Davis,Teacher,"Zoning, Land Use Planning, Public Policy",6
Harper Clark,Nurse,"Policy Analysis, Public Administration, Communication",17
Noah Brown,Graphic Designer,"Law Enforcement, Public Safety, Crisis Management",8
Sophia Johnson,Social Worker,"Accounting, Financial Reporting, Budget Management",10
Emily Green,Police Officer,"Patient Assessment, Medical Terminology",10
Elijah Moore,Firefighter,"SQL, Cloud Computing, Docker",6
Lucas Jones,Social Worker,"Recruitment, Conflict Resolution, Organizational Development",7
Evelyn Adams,Human Resources Manager,"Python, Machine Learning, Data Visualization",19
James King,Journalist,"Climate Research, Environmental Policy, GIS Mapping",14
Emily Green,Mechanical Engineer,"Policy Analysis, Public Administration, Communication",15
Mia Lopez,Pharmacist,"Pharmaceutical Knowledge, Customer Interaction",3
Noah Brown,Environmental Scientist,"Pharmaceutical Knowledge, Customer Interaction",8
Henry White,Nurse,"Sketch, InDesign, Adobe Illustrator",18
Henry White,Nurse,"CAD Design, Thermodynamics, Structural Analysis",19
Harper Clark,Electrician,"Patient Assessment, Medical Terminology",14
Evelyn Adams,Nurse,"Counseling, Case Management, Advocacy",1
Henry White,Electrician,"SQL, Cloud Computing, Docker",15
James King,Data Scientist,"Curriculum Development, Classroom Management, Pedagogy",17
Harper Clark,Data Scientist,"Counseling, Case Management, Advocacy",19
Ava Wilson,Firefighter,"Counseling, Case Management, Advocacy",17
Emma Taylor,Government Accountant,"Policy Analysis, Public Administration, Communication",5
Lucas Jones,Data Scientist,"Counseling, Case Management, Advocacy",17
Mia Lopez,Mechanical Engineer,"Law Enforcement, Public Safety, Crisis Management",12
Noah Brown,Mechanical Engineer,"Zoning, Land Use Planning, Public Policy",4
Liam Taylor,Graphic Designer,"Recruitment, Conflict Resolution, Organizational Development",15
Sophia Johnson,Mechanical Engineer,"Curriculum Development, Classroom Management, Pedagogy",20
Isabella Martinez,Graphic Designer,"Policy Analysis, Public Administration, Communication",13
Evelyn Adams,Electrician,"Patient Assessment, Medical Terminology",1
Evelyn Adams,Civil Servant,"Law Enforcement, Public Safety, Crisis Management",12
Isabella Martinez,Civil Servant,"SQL, Cloud Computing, Docker",19
Emma Taylor,Pharmacist,"Law Enforcement, Public Safety, Crisis Management",16
Charlotte Lewis,Pharmacist,"Pharmaceutical Knowledge, Customer Interaction",2
Mia Lopez,Graphic Designer,"Electrical Maintenance, Troubleshooting",6
Noah Brown,Nurse,"Zoning, Land Use Planning, Public Policy",18
Grace Young,Environmental Scientist,"SQL, Cloud Computing, Docker",18
Grace Young,Pharmacist,"Zoning, Land Use Planning, Public Policy",14
Emma Taylor,Software Engineer,"Curriculum Development, Classroom Management, Pedagogy",2
Henry White,Environmental Scientist,"Curriculum Development, Classroom Management, Pedagogy",1
Isabella Martinez,Police Officer,"Sketch, InDesign, Adobe Illustrator",6
Amelia Garcia,Social Worker,"Curriculum Development, Classroom Management, Pedagogy",5
James King,Electrician,"Accounting, Financial Reporting, Budget Management",12
Alexander Scott,Graphic Designer,"Emergency Response, Fire Safety, Physical Fitness",1
Oliver Davis,Journalist,"Climate Research, Environmental Policy, GIS Mapping",19
Liam Taylor,Nurse,"Climate Research, Environmental Policy, GIS Mapping",2
Liam Taylor,Firefighter,"Curriculum Development, Classroom Management, Pedagogy",4
Henry White,Environmental Scientist,"Law Enforcement, Public Safety, Crisis Management",5
Henry White,Software Engineer,"Climate Research, Environmental Policy, GIS Mapping",2
Elijah Moore,Environmental Scientist,"Zoning, Land Use Planning, Public Policy",14
Ava Wilson,Social Worker,"Sketch, InDesign, Adobe Illustrator",5
Noah Brown,Environmental Scientist,"Electrical Maintenance, Troubleshooting",5
Grace Young,Mechanical Engineer,"Recruitment, Conflict Resolution, Organizational Development",9
Amelia Garcia,Nurse,"Patient Assessment, Medical Terminology",8
Benjamin Hall,Urban Planner,"Zoning, Land Use Planning, Public Policy",9
Elijah Moore,Firefighter,"Emergency Response, Fire Safety, Physical Fitness",16
Evelyn Adams,Graphic Designer,"Climate Research, Environmental Policy, GIS Mapping",4
Charlotte Lewis,Graphic Designer,"Law Enforcement, Public Safety, Crisis Management",8
Ava Wilson,Environmental Scientist,"Zoning, Land Use Planning, Public Policy",4
Isabella Martinez,Government Accountant,"Zoning, Land Use Planning, Public Policy",3
Amelia Garcia,Graphic Designer,"Sketch, InDesign, Adobe Illustrator",11
Harper Clark,Government Accountant,"CAD Design, Thermodynamics, Structural Analysis",13
Amelia Garcia,Graphic Designer,"SQL, Cloud Computing, Docker",4
Elijah Moore,Nurse,"CAD Design, Thermodynamics, Structural Analysis",6
Noah Brown,Software Engineer,"Law Enforcement, Public Safety, Crisis Management",2
Sophia Johnson,Human Resources Manager,"Recruitment, Conflict Resolution, Organizational Development",11
Elijah Moore,Mechanical Engineer,"Climate Research, Environmental Policy, GIS Mapping",8
Benjamin Hall,Environmental Scientist,"Electrical Maintenance, Troubleshooting",2
Liam Taylor,Electrician,"Zoning, Land Use Planning, Public Policy",2
Amelia Garcia,Nurse,"Zoning, Land Use Planning, Public Policy",18
Oliver Davis,Software Engineer,"Accounting, Financial Reporting, Budget Management",3
Noah Brown,Journalist,"Python, Machine Learning, Data Visualization",20
Harper Clark,Firefighter,"Emergency Response, Fire Safety, Physical Fitness",8
Mia Lopez,Government Accountant,"Recruitment, Conflict Resolution, Organizational Development",1
Mia Lopez,Nurse,"Recruitment, Conflict Resolution, Organizational Development",6
Elijah Moore,Journalist,"Investigative Reporting, Storytelling, Editing",9
Emily Green,Government Accountant,"Sketch, InDesign, Adobe Illustrator",16
Ava Wilson,Software Engineer,"CAD Design, Thermodynamics, Structural Analysis",17
Harper Clark,Pharmacist,"Climate Research, Environmental Policy, GIS Mapping",1
Lucas Jones,Police Officer,"Emergency Response, Fire Safety, Physical Fitness",16
Henry White,Government Accountant,"Pharmaceutical Knowledge, Customer Interaction",13
James King,Urban Planner,"Law Enforcement, Public Safety, Crisis Management",6
Grace Young,Software Engineer,"Accounting, Financial Reporting, Budget Management",7
Harper Clark,Teacher,"Emergency Response, Fire Safety, Physical Fitness",14
Liam Taylor,Nurse,"Sketch, InDesign, Adobe Illustrator",12
James King,Human Resources Manager,"Sketch, InDesign, Adobe Illustrator",13
Charlotte Lewis,Human Resources Manager,"Accounting, Financial Reporting, Budget Management",7
Elijah Moore,Electrician,"Law Enforcement, Public Safety, Crisis Management",18
James King,Government Accountant,"Policy Analysis, Public Administration, Communication",6
Evelyn Adams,Nurse,"Electrical Maintenance, Troubleshooting",10
Elijah Moore,Teacher,"Accounting, Financial Reporting, Budget Management",1
Lucas Jones,Pharmacist,"Curriculum Development, Classroom Management, Pedagogy",7
Lucas Jones,Nurse,"Accounting, Financial Reporting, Budget Management",1
Amelia Garcia,Teacher,"Recruitment, Conflict Resolution, Organizational Development",14
Alexander Scott,Environmental Scientist,"Python, Machine Learning, Data Visualization",20
